n_customers,n_vehicles,solver,solve_time_s,total_cost
500,63,ortools_vrp,10.070333,83208.678
500,63,cuopt_cvrptw,93.164648,83209.185
1000,125,ortools_vrp,10.232937,157759.608
1000,125,cuopt_cvrptw,24.88995,157760.5753
2000,250,ortools_vrp,11.315728,1000000.0
2000,250,cuopt_cvrptw,125.573121,327469.7317
5000,625,ortools_vrp,16.381074,1000000.0
5000,625,cuopt_cvrptw,133.770515,812977.6031
